Workbook

Sheet About
A1: Barangay Service Request Analysis (April–September 2026)
A2: Project 2: Data / Database Project
A4: Purpose: Analyze barangay service requests to find the most common concerns, monthly trends, problem areas, resolution speed, and resident satisfaction.
A6: Data source
A7: Simulated sample data (217 requests) created for practice, modeled on the AI-Assisted Barangay Service Request System (Project 1). It does not contain real residents or real barangay records.
A9: Columns in the Data sheet
A10: request_id – unique request number
A11: date_submitted – date the resident submitted the request
A12: zone – area of the barangay (Zone 1 to Zone 6)
A13: category – auto-detected category from the system
A14: status – Pending, In Progress, or Resolved
A15: date_resolved – date the request was resolved (blank if not yet resolved)
... A24: AI use: AI generated the sample dataset and helped build the formulas and charts; I verified the results and wrote the interpretations.

Sheet Data
A1: request_id | B1: date_submitted | C1: zone | D1: category | E1: status | F1: date_resolved | G1: days_to_resolve | H1: satisfaction_rating | I1: month
A2: REQ-0001 | B2: 46114 | C2: Zone 4 | D2: Water Supply | E2: In Progress | I2: =TEXT(B2,"YYYY-MM") -> 2026-04
A3: REQ-0002 | B3: 46115 | C3: Zone 4 | D3: Health | E3: Resolved | F3: 46119 | G3: 4 | H3: 3 | I3: =TEXT(B3,"YYYY-MM") -> 2026-04
A4: REQ-0003 | B4: 46116 | C4: Zone 4 | D4: Documents / Certificates | E4: Resolved | F4: 46117 | G4: 1 | H4: 2 | I4: =TEXT(B4,"YYYY-MM") -> 2026-04
A5: REQ-0004 | B5: 46117 | C5: Zone 3 | D5: Documents / Certificates | E5: Resolved | F5: 46120 | G5: 3 | H5: 2 | I5: =TEXT(B5,"YYYY-MM") -> 2026-04
A6: REQ-0005 | B6: 46118 | C6: Zone 6 | D6: Streetlight / Electrical | E6: Resolved | F6: 46126 | G6: 8 | H6: 5 | I6: =TEXT(B6,"YYYY-MM") -> 2026-04
A7: REQ-0006 | B7: 46119 | C7: Zone 5 | D7: Peace and Order | E7: Resolved | F7: 46120 | G7: 1 | H7: 3 | I7: =TEXT(B7,"YYYY-MM") -> 2026-04
A8: REQ-0007 | B8: 46119 | C8: Zone 6 | D8: Road / Infrastructure | E8: Resolved | F8: 46144 | G8: 25 | H8: 4 | I8: =TEXT(B8,"YYYY-MM") -> 2026-04
A9: REQ-0008 | B9: 46120 | C9: Zone 4 | D9: Streetlight / Electrical | E9: Resolved | F9: 46129 | G9: 9 | H9: 3 | I9: =TEXT(B9,"YYYY-MM") -> 2026-04
A10: REQ-0009 | B10: 46122 | C10: Zone 5 | D10: Water Supply | E10: Resolved | F10: 46128 | G10: 6 | H10: 2 | I10: =TEXT(B10,"YYYY-MM") -> 2026-04
A11: REQ-0010 | B11: 46123 | C11: Zone 4 | D11: Streetlight / Electrical | E11: Resolved | F11: 46133 | G11: 10 | H11: 4 | I11: =TEXT(B11,"YYYY-MM") -> 2026-04
A12: REQ-0011 | B12: 46123 | C12: Zone 5 | D12: Water Supply | E12: Resolved | F12: 46131 | G12: 8 | H12: 3 | I12: =TEXT(B12,"YYYY-MM") -> 2026-04
A13: REQ-0012 | B13: 46125 | C13: Zone 1 | D13: Road / Infrastructure | E13: Resolved | F13: 46139 | G13: 14 | H13: 2 | I13: =TEXT(B13,"YYYY-MM") -> 2026-04
A14: REQ-0013 | B14: 46125 | C14: Zone 5 | D14: Peace and Order | E14: Resolved | F14: 46128 | G14: 3 | H14: 3 | I14: =TEXT(B14,"YYYY-MM") -> 2026-04
... A19: REQ-0018 | B19: 46130 | C19: Zone 6 | D19: Streetlight / Electrical | E19: Resolved | F19: 46134 | G19: 4 | H19: 4 | I19: =TEXT(B19,"YYYY-MM") -> 2026-04
A20: REQ-0019 | B20: 46131 | C20: Zone 6 | D20: Streetlight / Electrical | E20: In Progress | I20: =TEXT(B20,"YYYY-MM") -> 2026-04
A21: REQ-0020 | B21: 46131 | C21: Zone 3 | D21: Documents / Certificates | E21: Resolved | F21: 46132 | G21: 1 | H21: 5 | I21: =TEXT(B21,"YYYY-MM") -> 2026-04
A22: REQ-0021 | B22: 46132 | C22: Zone 4 | D22: Garbage / Sanitation | E22: Resolved | F22: 46140 | G22: 8 | H22: 4 | I22: =TEXT(B22,"YYYY-MM") -> 2026-04
A23: REQ-0022 | B23: 46135 | C23: Zone 6 | D23: Water Supply | E23: Resolved | F23: 46137 | G23: 2 | H23: 3 | I23: =TEXT(B23,"YYYY-MM") -> 2026-04
A24: REQ-0023 | B24: 46137 | C24: Zone 3 | D24: Garbage / Sanitation | E24: Resolved | F24: 46143 | G24: 6 | H24: 3 | I24: =TEXT(B24,"YYYY-MM") -> 2026-04
A25: REQ-0024 | B25: 46137 | C25: Zone 3 | D25: Garbage / Sanitation | E25: Resolved | F25: 46146 | G25: 9 | H25: 5 | I25: =TEXT(B25,"YYYY-MM") -> 2026-04
A26: REQ-0025 | B26: 46138 | C26: Zone 3 | D26: Garbage / Sanitation | E26: Resolved | F26: 46144 | G26: 6 | H26: 3 | I26: =TEXT(B26,"YYYY-MM") -> 2026-04
A27: REQ-0026 | B27: 46138 | C27: Zone 5 | D27: Health | E27: Resolved | F27: 46143 | G27: 5 | H27: 2 | I27: =TEXT(B27,"YYYY-MM") -> 2026-04
A28: REQ-0027 | B28: 46139 | C28: Zone 2 | D28: Water Supply | E28: In Progress | I28: =TEXT(B28,"YYYY-MM") -> 2026-04
A29: REQ-0028 | B29: 46140 | C29: Zone 1 | D29: Documents / Certificates | E29: Resolved | F29: 46142 | G29: 2 | H29: 4 | I29: =TEXT(B29,"YYYY-MM") -> 2026-04
A30: REQ-0029 | B30: 46143 | C30: Zone 5 | D30: Road / Infrastructure | E30: Resolved | F30: 46164 | G30: 21 | H30: 1 | I30: =TEXT(B30,"YYYY-MM") -> 2026-05
A31: REQ-0030 | B31: 46143 | C31: Zone 4 | D31: Health | E31: Resolved | F31: 46145 | G31: 2 | H31: 4 | I31: =TEXT(B31,"YYYY-MM") -> 2026-05
A32: REQ-0031 | B32: 46144 | C32: Zone 3 | D32: Water Supply | E32: Resolved | F32: 46147 | G32: 3 | H32: 2 | I32: =TEXT(B32,"YYYY-MM") -> 2026-05
A33: REQ-0032 | B33: 46145 | C33: Zone 4 | D33: Garbage / Sanitation | E33: Resolved | F33: 46149 | G33: 4 | H33: 4 | I33: =TEXT(B33,"YYYY-MM") -> 2026-05
A34: REQ-0033 | B34: 46147 | C34: Zone 4 | D34: Documents / Certificates | E34: Resolved | F34: 46149 | G34: 2 | H34: 4 | I34: =TEXT(B34,"YYYY-MM") -> 2026-05
A35: REQ-0034 | B35: 46148 | C35: Zone 2 | D35: Peace and Order | E35: Resolved | F35: 46150 | G35: 2 | H35: 5 | I35: =TEXT(B35,"YYYY-MM") -> 2026-05
A36: REQ-0035 | B36: 46149 | C36: Zone 4 | D36: Streetlight / Electrical | E36: Resolved | F36: 46153 | G36: 4 | H36: 3 | I36: =TEXT(B36,"YYYY-MM") -> 2026-05
A37: REQ-0036 | B37: 46150 | C37: Zone 4 | D37: Streetlight / Electrical | E37: Resolved | F37: 46159 | G37: 9 | H37: 1 | I37: =TEXT(B37,"YYYY-MM") -> 2026-05
A38: REQ-0037 | B38: 46151 | C38: Zone 1 | D38: Water Supply | E38: Resolved | F38: 46159 | G38: 8 | H38: 2 | I38: =TEXT(B38,"YYYY-MM") -> 2026-05
A39: REQ-0038 | B39: 46151 | C39: Zone 2 | D39: Garbage / Sanitation | E39: In Progress | I39: =TEXT(B39,"YYYY-MM") -> 2026-05
A40: REQ-0039 | B40: 46152 | C40: Zone 3 | D40: Peace and Order | E40: In Progress | I40: =TEXT(B40,"YYYY-MM") -> 2026-05
A41: REQ-0040 | B41: 46153 | C41: Zone 3 | D41: Documents / Certificates | E41: Resolved | F41: 46156 | G41: 3 | H41: 3 | I41: =TEXT(B41,"YYYY-MM") -> 2026-05
A42: REQ-0041 | B42: 46155 | C42: Zone 4 | D42: Peace and Order | E42: Resolved | F42: 46157 | G42: 2 | H42: 4 | I42: =TEXT(B42,"YYYY-MM") -> 2026-05
A43: REQ-0042 | B43: 46155 | C43: Zone 1 | D43: Peace and Order | E43: Resolved | F43: 46158 | G43: 3 | H43: 2 | I43: =TEXT(B43,"YYYY-MM") -> 2026-05
A44: REQ-0043 | B44: 46158 | C44: Zone 2 | D44: Peace and Order | E44: Resolved | F44: 46159 | G44: 1 | H44: 3 | I44: =TEXT(B44,"YYYY-MM") -> 2026-05
A45: REQ-0044 | B45: 46160 | C45: Zone 1 | D45: Health | E45: Resolved | F45: 46163 | G45: 3 | H45: 4 | I45: =TEXT(B45,"YYYY-MM") -> 2026-05
A46: REQ-0045 | B46: 46161 | C46: Zone 1 | D46: Road / Infrastructure | E46: Resolved | F46: 46171 | G46: 10 | H46: 3 | I46: =TEXT(B46,"YYYY-MM") -> 2026-05
A47: REQ-0046 | B47: 46163 | C47: Zone 6 | D47: Water Supply | E47: Resolved | F47: 46167 | G47: 4 | H47: 4 | I47: =TEXT(B47,"YYYY-MM") -> 2026-05
A48: REQ-0047 | B48: 46163 | C48: Zone 5 | D48: Water Supply | E48: In Progress | I48: =TEXT(B48,"YYYY-MM") -> 2026-05
A49: REQ-0048 | B49: 46164 | C49: Zone 4 | D49: Water Supply | E49: In Progress | I49: =TEXT(B49,"YYYY-MM") -> 2026-05
A50: REQ-0049 | B50: 46166 | C50: Zone 5 | D50: Documents / Certificates | E50: Resolved | F50: 46168 | G50: 2 | H50: 5 | I50: =TEXT(B50,"YYYY-MM") -> 2026-05
A51: REQ-0050 | B51: 46167 | C51: Zone 4 | D51: Garbage / Sanitation | E51: Resolved | F51: 46169 | G51: 2 | H51: 3 | I51: =TEXT(B51,"YYYY-MM") -> 2026-05
A52: REQ-0051 | B52: 46169 | C52: Zone 2 | D52: Documents / Certificates | E52: Resolved | F52: 46170 | G52: 1 | H52: 3 | I52: =TEXT(B52,"YYYY-MM") -> 2026-05
A53: REQ-0052 | B53: 46170 | C53: Zone 6 | D53: Garbage / Sanitation | E53: Resolved | F53: 46174 | G53: 4 | H53: 2 | I53: =TEXT(B53,"YYYY-MM") -> 2026-05
A54: REQ-0053 | B54: 46170 | C54: Zone 3 | D54: Garbage / Sanitation | E54: Resolved | F54: 46176 | G54: 6 | H54: 3 | I54: =TEXT(B54,"YYYY-MM") -> 2026-05
A55: REQ-0054 | B55: 46171 | C55: Zone 3 | D55: Road / Infrastructure | E55: Resolved | F55: 46191 | G55: 20 | H55: 4 | I55: =TEXT(B55,"YYYY-MM") -> 2026-05
A56: REQ-0055 | B56: 46172 | C56: Zone 4 | D56: Water Supply | E56: Resolved | F56: 46178 | G56: 6 | H56: 2 | I56: =TEXT(B56,"YYYY-MM") -> 2026-05
A57: REQ-0056 | B57: 46173 | C57: Zone 2 | D57: Documents / Certificates | E57: Resolved | F57: 46174 | G57: 1 | H57: 4 | I57: =TEXT(B57,"YYYY-MM") -> 2026-05
A58: REQ-0057 | B58: 46174 | C58: Zone 1 | D58: Others | E58: Resolved | F58: 46177 | G58: 3 | H58: 4 | I58: =TEXT(B58,"YYYY-MM") -> 2026-06
A59: REQ-0058 | B59: 46175 | C59: Zone 3 | D59: Documents / Certificates | E59: Resolved | F59: 46178 | G59: 3 | H59: 2 | I59: =TEXT(B59,"YYYY-MM") -> 2026-06
A60: REQ-0059 | B60: 46175 | C60: Zone 1 | D60: Peace and Order | E60: Resolved | F60: 46177 | G60: 2 | H60: 5 | I60: =TEXT(B60,"YYYY-MM") -> 2026-06
A61: REQ-0060 | B61: 46176 | C61: Zone 6 | D61: Documents / Certificates | E61: Resolved | F61: 46178 | G61: 2 | H61: 2 | I61: =TEXT(B61,"YYYY-MM") -> 2026-06
... A71: REQ-0070 | B71: 46184 | C71: Zone 2 | D71: Streetlight / Electrical | E71: Resolved | F71: 46193 | G71: 9 | H71: 3 | I71: =TEXT(B71,"YYYY-MM") -> 2026-06
A72: REQ-0071 | B72: 46184 | C72: Zone 3 | D72: Garbage / Sanitation | E72: In Progress | I72: =TEXT(B72,"YYYY-MM") -> 2026-06
A73: REQ-0072 | B73: 46185 | C73: Zone 6 | D73: Documents / Certificates | E73: Resolved | F73: 46188 | G73: 3 | H73: 3 | I73: =TEXT(B73,"YYYY-MM") -> 2026-06
A74: REQ-0073 | B74: 46186 | C74: Zone 2 | D74: Streetlight / Electrical | E74: Resolved | F74: 46189 | G74: 3 | H74: 4 | I74: =TEXT(B74,"YYYY-MM") -> 2026-06
A75: REQ-0074 | B75: 46188 | C75: Zone 3 | D75: Garbage / Sanitation | E75: Resolved | F75: 46192 | G75: 4 | H75: 3 | I75: =TEXT(B75,"YYYY-MM") -> 2026-06
A76: REQ-0075 | B76: 46190 | C76: Zone 6 | D76: Road / Infrastructure | E76: Resolved | F76: 46199 | G76: 9 | H76: 4 | I76: =TEXT(B76,"YYYY-MM") -> 2026-06
A77: REQ-0076 | B77: 46192 | C77: Zone 3 | D77: Road / Infrastructure | E77: Resolved | F77: 46216 | G77: 24 | H77: 4 | I77: =TEXT(B77,"YYYY-MM") -> 2026-06
A78: REQ-0077 | B78: 46193 | C78: Zone 3 | D78: Health | E78: Resolved | F78: 46194 | G78: 1 | H78: 2 | I78: =TEXT(B78,"YYYY-MM") -> 2026-06
A79: REQ-0078 | B79: 46194 | C79: Zone 2 | D79: Documents / Certificates | E79: Resolved | F79: 46197 | G79: 3 | H79: 2 | I79: =TEXT(B79,"YYYY-MM") -> 2026-06
A80: REQ-0079 | B80: 46195 | C80: Zone 2 | D80: Water Supply | E80: Resolved | F80: 46202 | G80: 7 | H80: 3 | I80: =TEXT(B80,"YYYY-MM") -> 2026-06
A81: REQ-0080 | B81: 46195 | C81: Zone 2 | D81: Streetlight / Electrical | E81: Resolved | F81: 46205 | G81: 10 | H81: 3 | I81: =TEXT(B81,"YYYY-MM") -> 2026-06
A82: REQ-0081 | B82: 46196 | C82: Zone 3 | D82: Documents / Certificates | E82: Resolved | F82: 46199 | G82: 3 | H82: 1 | I82: =TEXT(B82,"YYYY-MM") -> 2026-06
A83: REQ-0082 | B83: 46197 | C83: Zone 1 | D83: Peace and Order | E83: Resolved | F83: 46200 | G83: 3 | H83: 1 | I83: =TEXT(B83,"YYYY-MM") -> 2026-06
A84: REQ-0083 | B84: 46197 | C84: Zone 6 | D84: Streetlight / Electrical | E84: Resolved | F84: 46204 | G84: 7 | H84: 4 | I84: =TEXT(B84,"YYYY-MM") -> 2026-06
... A91: REQ-0090 | B91: 46204 | C91: Zone 5 | D91: Documents / Certificates | E91: Resolved | F91: 46207 | G91: 3 | H91: 3 | I91: =TEXT(B91,"YYYY-MM") -> 2026-07
A92: REQ-0091 | B92: 46204 | C92: Zone 4 | D92: Garbage / Sanitation | E92: In Progress | I92: =TEXT(B92,"YYYY-MM") -> 2026-07
A93: REQ-0092 | B93: 46205 | C93: Zone 3 | D93: Garbage / Sanitation | E93: Resolved | F93: 46209 | G93: 4 | H93: 2 | I93: =TEXT(B93,"YYYY-MM") -> 2026-07
A94: REQ-0093 | B94: 46205 | C94: Zone 4 | D94: Streetlight / Electrical | E94: Resolved | F94: 46217 | G94: 12 | H94: 1 | I94: =TEXT(B94,"YYYY-MM") -> 2026-07
A95: REQ-0094 | B95: 46206 | C95: Zone 3 | D95: Garbage / Sanitation | E95: In Progress | I95: =TEXT(B95,"YYYY-MM") -> 2026-07
A96: REQ-0095 | B96: 46207 | C96: Zone 3 | D96: Streetlight / Electrical | E96: Resolved | F96: 46219 | G96: 12 | H96: 3 | I96: =TEXT(B96,"YYYY-MM") -> 2026-07
A97: REQ-0096 | B97: 46208 | C97: Zone 3 | D97: Garbage / Sanitation | E97: Resolved | F97: 46210 | G97: 2 | H97: 3 | I97: =TEXT(B97,"YYYY-MM") -> 2026-07
A98: REQ-0097 | B98: 46209 | C98: Zone 5 | D98: Garbage / Sanitation | E98: Resolved | F98: 46217 | G98: 8 | H98: 3 | I98: =TEXT(B98,"YYYY-MM") -> 2026-07
A99: REQ-0098 | B99: 46209 | C99: Zone 6 | D99: Documents / Certificates | E99: Resolved | F99: 46212 | G99: 3 | H99: 3 | I99: =TEXT(B99,"YYYY-MM") -> 2026-07
A100: REQ-0099 | B100: 46210 | C100: Zone 3 | D100: Garbage / Sanitation | E100: Resolved | F100: 46213 | G100: 3 | H100: 5 | I100: =TEXT(B100,"YYYY-MM") -> 2026-07
A101: REQ-0100 | B101: 46210 | C101: Zone 3 | D101: Road / Infrastructure | E101: Resolved | F101: 46227 | G101: 17 | H101: 1 | I101: =TEXT(B101,"YYYY-MM") -> 2026-07
A102: REQ-0101 | B102: 46211 | C102: Zone 3 | D102: Garbage / Sanitation | E102: Resolved | F102: 46219 | G102: 8 | H102: 4 | I102: =TEXT(B102,"YYYY-MM") -> 2026-07
A103: REQ-0102 | B103: 46211 | C103: Zone 1 | D103: Others | E103: Resolved | F103: 46216 | G103: 5 | H103: 4 | I103: =TEXT(B103,"YYYY-MM") -> 2026-07
A104: REQ-0103 | B104: 46212 | C104: Zone 5 | D104: Garbage / Sanitation | E104: Resolved | F104: 46221 | G104: 9 | H104: 3 | I104: =TEXT(B104,"YYYY-MM") -> 2026-07
A105: REQ-0104 | B105: 46212 | C105: Zone 3 | D105: Documents / Certificates | E105: Resolved | F105: 46215 | G105: 3 | H105: 3 | I105: =TEXT(B105,"YYYY-MM") -> 2026-07
A106: REQ-0105 | B106: 46212 | C106: Zone 1 | D106: Road / Infrastructure | E106: Resolved | F106: 46236 | G106: 24 | H106: 1 | I106: =TEXT(B106,"YYYY-MM") -> 2026-07
A107: REQ-0106 | B107: 46213 | C107: Zone 4 | D107: Documents / Certificates | E107: Resolved | F107: 46214 | G107: 1 | H107: 5 | I107: =TEXT(B107,"YYYY-MM") -> 2026-07
... A113: REQ-0112 | B113: 46215 | C113: Zone 2 | D113: Documents / Certificates | E113: Resolved | F113: 46216 | G113: 1 | H113: 3 | I113: =TEXT(B113,"YYYY-MM") -> 2026-07
A114: REQ-0113 | B114: 46217 | C114: Zone 2 | D114: Documents / Certificates | E114: In Progress | I114: =TEXT(B114,"YYYY-MM") -> 2026-07
A115: REQ-0114 | B115: 46217 | C115: Zone 2 | D115: Garbage / Sanitation | E115: Resolved | F115: 46225 | G115: 8 | H115: 3 | I115: =TEXT(B115,"YYYY-MM") -> 2026-07
A116: REQ-0115 | B116: 46218 | C116: Zone 4 | D116: Others | E116: In Progress | I116: =TEXT(B116,"YYYY-MM") -> 2026-07
A117: REQ-0116 | B117: 46219 | C117: Zone 6 | D117: Garbage / Sanitation | E117: Resolved | F117: 46224 | G117: 5 | H117: 2 | I117: =TEXT(B117,"YYYY-MM") -> 2026-07
A118: REQ-0117 | B118: 46219 | C118: Zone 4 | D118: Peace and Order | E118: Resolved | F118: 46221 | G118: 2 | H118: 3 | I118: =TEXT(B118,"YYYY-MM") -> 2026-07
A119: REQ-0118 | B119: 46220 | C119: Zone 6 | D119: Health | E119: Resolved | F119: 46221 | G119: 1 | H119: 2 | I119: =TEXT(B119,"YYYY-MM") -> 2026-07
A120: REQ-0119 | B120: 46220 | C120: Zone 4 | D120: Health | E120: Resolved | F120: 46223 | G120: 3 | H120: 3 | I120: =TEXT(B120,"YYYY-MM") -> 2026-07
A121: REQ-0120 | B121: 46222 | C121: Zone 3 | D121: Documents / Certificates | E121: Resolved | F121: 46223 | G121: 1 | H121: 2 | I121: =TEXT(B121,"YYYY-MM") -> 2026-07
A122: REQ-0121 | B122: 46223 | C122: Zone 4 | D122: Road / Infrastructure | E122: Resolved | F122: 46248 | G122: 25 | H122: 3 | I122: =TEXT(B122,"YYYY-MM") -> 2026-07
A123: REQ-0122 | B123: 46224 | C123: Zone 4 | D123: Garbage / Sanitation | E123: Resolved | F123: 46233 | G123: 9 | H123: 3 | I123: =TEXT(B123,"YYYY-MM") -> 2026-07
A124: REQ-0123 | B124: 46224 | C124: Zone 5 | D124: Documents / Certificates | E124: Resolved | F124: 46225 | G124: 1 | H124: 3 | I124: =TEXT(B124,"YYYY-MM") -> 2026-07
...

Sheet Q1 Category
A1: Q1. Which concern is reported the most?
A3: Category | B3: Requests | C3: Share of total
A4: Garbage / Sanitation | B4: =COUNTIF(Data!$D$2:$D$218,A4) -> 63 | C4: =B4/$B$12 -> 0.29032258
A5: Documents / Certificates | B5: =COUNTIF(Data!$D$2:$D$218,A5) -> 35 | C5: =B5/$B$12 -> 0.16129032
A6: Streetlight / Electrical | B6: =COUNTIF(Data!$D$2:$D$218,A6) -> 30 | C6: =B6/$B$12 -> 0.13824885
A7: Road / Infrastructure | B7: =COUNTIF(Data!$D$2:$D$218,A7) -> 28 | C7: =B7/$B$12 -> 0.12903226
A8: Water Supply | B8: =COUNTIF(Data!$D$2:$D$218,A8) -> 21 | C8: =B8/$B$12 -> 0.096774194
A9: Peace and Order | B9: =COUNTIF(Data!$D$2:$D$218,A9) -> 19 | C9: =B9/$B$12 -> 0.087557604
A10: Health | B10: =COUNTIF(Data!$D$2:$D$218,A10) -> 14 | C10: =B10/$B$12 -> 0.064516129
A11: Others | B11: =COUNTIF(Data!$D$2:$D$218,A11) -> 7 | C11: =B11/$B$12 -> 0.032258065
A12: Total | B12: =SUM(B4:B11) -> 217 | C12: =SUM(C4:C11) -> 1
A14: Formula: =COUNTIF(Data!D:D, category). Share = requests ÷ total.

Sheet Q2 Monthly
A1: Q2. How do requests change per month?
A3: Month key | B3: Month | C3: Total requests | D3: Garbage / Sanitation | E3: Road / Infrastructure | F3: Health | G3: Rain-related total | H3: Water Supply
A4: 2026-04 | B4: Apr 2026 | C4: =COUNTIF(Data!$I$2:$I$218,A4) -> 28 | D4: =COUNTIFS(Data!$I$2:$I$218,A4,Data!$D$2:$D$218,"Garbage / Sanitation") -> 5 | E4: =COUNTIFS(Data!$I$2:$I$218,A4,Data!$D$2:$D$218,"Road / Infrastructure") -> 2 | F4: =COUNTIFS(Data!$I$2:$I$218,A4,Data!$D$2:$D$218,"Health") -> 2 | G4: =SUM(D4:F4) -> 9 | H4: =COUNTIFS(Data!$I$2:$I$218,A4,Data!$D$2:$D$218,"Water Supply") -> 6
A5: 2026-05 | B5: May 2026 | C5: =COUNTIF(Data!$I$2:$I$218,A5) -> 28 | D5: =COUNTIFS(Data!$I$2:$I$218,A5,Data!$D$2:$D$218,"Garbage / Sanitation") -> 5 | E5: =COUNTIFS(Data!$I$2:$I$218,A5,Data!$D$2:$D$218,"Road / Infrastructure") -> 3 | F5: =COUNTIFS(Data!$I$2:$I$218,A5,Data!$D$2:$D$218,"Health") -> 2 | G5: =SUM(D5:F5) -> 10 | H5: =COUNTIFS(Data!$I$2:$I$218,A5,Data!$D$2:$D$218,"Water Supply") -> 6
A6: 2026-06 | B6: Jun 2026 | C6: =COUNTIF(Data!$I$2:$I$218,A6) -> 33 | D6: =COUNTIFS(Data!$I$2:$I$218,A6,Data!$D$2:$D$218,"Garbage / Sanitation") -> 9 | E6: =COUNTIFS(Data!$I$2:$I$218,A6,Data!$D$2:$D$218,"Road / Infrastructure") -> 3 | F6: =COUNTIFS(Data!$I$2:$I$218,A6,Data!$D$2:$D$218,"Health") -> 2 | G6: =SUM(D6:F6) -> 14 | H6: =COUNTIFS(Data!$I$2:$I$218,A6,Data!$D$2:$D$218,"Water Supply") -> 1
A7: 2026-07 | B7: Jul 2026 | C7: =COUNTIF(Data!$I$2:$I$218,A7) -> 49 | D7: =COUNTIFS(Data!$I$2:$I$218,A7,Data!$D$2:$D$218,"Garbage / Sanitation") -> 18 | E7: =COUNTIFS(Data!$I$2:$I$218,A7,Data!$D$2:$D$218,"Road / Infrastructure") -> 7 | F7: =COUNTIFS(Data!$I$2:$I$218,A7,Data!$D$2:$D$218,"Health") -> 2 | G7: =SUM(D7:F7) -> 27 | H7: =COUNTIFS(Data!$I$2:$I$218,A7,Data!$D$2:$D$218,"Water Supply") -> 2
A8: 2026-08 | B8: Aug 2026 | C8: =COUNTIF(Data!$I$2:$I$218,A8) -> 38 | D8: =COUNTIFS(Data!$I$2:$I$218,A8,Data!$D$2:$D$218,"Garbage / Sanitation") -> 9 | E8: =COUNTIFS(Data!$I$2:$I$218,A8,Data!$D$2:$D$218,"Road / Infrastructure") -> 9 | F8: =COUNTIFS(Data!$I$2:$I$218,A8,Data!$D$2:$D$218,"Health") -> 3 | G8: =SUM(D8:F8) -> 21 | H8: =COUNTIFS(Data!$I$2:$I$218,A8,Data!$D$2:$D$218,"Water Supply") -> 1
A9: 2026-09 | B9: Sep 2026 | C9: =COUNTIF(Data!$I$2:$I$218,A9) -> 41 | D9: =COUNTIFS(Data!$I$2:$I$218,A9,Data!$D$2:$D$218,"Garbage / Sanitation") -> 17 | E9: =COUNTIFS(Data!$I$2:$I$218,A9,Data!$D$2:$D$218,"Road / Infrastructure") -> 4 | F9: =COUNTIFS(Data!$I$2:$I$218,A9,Data!$D$2:$D$218,"Health") -> 3 | G9: =SUM(D9:F9) -> 24 | H9: =COUNTIFS(Data!$I$2:$I$218,A9,Data!$D$2:$D$218,"Water Supply") -> 5
B10: Total | C10: =SUM(C4:C9) -> 217 | D10: =SUM(D4:D9) -> 63 | E10: =SUM(E4:E9) -> 28 | F10: =SUM(F4:F9) -> 14 | G10: =SUM(G4:G9) -> 105 | H10: =SUM(H4:H9) -> 21
B12: Dry season (Apr–Jun) | C12: =SUM(C4:C6) -> 89 | G12: =SUM(G4:G6) -> 33 | H12: =SUM(H4:H6) -> 13
B13: Rainy season (Jul–Sep) | C13: =SUM(C7:C9) -> 128 | G13: =SUM(G7:G9) -> 72 | H13: =SUM(H7:H9) -> 8
B14: Change | C14: =(C13-C12)/C12 -> 0.43820225 | G14: =(G13-G12)/G12 -> 1.1818182 | H14: =(H13-H12)/H12 -> -0.38461538
A16: Rain-related = Garbage / Sanitation + Road / Infrastructure + Health (flooding, clogged drainage, dengue). Formulas: COUNTIF and COUNTIFS on the month helper column.

Sheet Q3 Zone
A1: Q3. Which zone has the most requests?
A3: Zone | B3: Total requests | C3: Garbage / Sanitation | D3: Garbage share of zone | E3: Streetlight / Electrical
A4: Zone 1 | B4: =COUNTIF(Data!$C$2:$C$218,A4) -> 29 | C4: =COUNTIFS(Data!$C$2:$C$218,A4,Data!$D$2:$D$218,"Garbage / Sanitation") -> 9 | D4: =C4/B4 -> 0.31034483 | E4: =COUNTIFS(Data!$C$2:$C$218,A4,Data!$D$2:$D$218,"Streetlight / Electrical") -> 2
A5: Zone 2 | B5: =COUNTIF(Data!$C$2:$C$218,A5) -> 29 | C5: =COUNTIFS(Data!$C$2:$C$218,A5,Data!$D$2:$D$218,"Garbage / Sanitation") -> 5 | D5: =C5/B5 -> 0.17241379 | E5: =COUNTIFS(Data!$C$2:$C$218,A5,Data!$D$2:$D$218,"Streetlight / Electrical") -> 5
A6: Zone 3 | B6: =COUNTIF(Data!$C$2:$C$218,A6) -> 53 | C6: =COUNTIFS(Data!$C$2:$C$218,A6,Data!$D$2:$D$218,"Garbage / Sanitation") -> 27 | D6: =C6/B6 -> 0.50943396 | E6: =COUNTIFS(Data!$C$2:$C$218,A6,Data!$D$2:$D$218,"Streetlight / Electrical") -> 4
A7: Zone 4 | B7: =COUNTIF(Data!$C$2:$C$218,A7) -> 38 | C7: =COUNTIFS(Data!$C$2:$C$218,A7,Data!$D$2:$D$218,"Garbage / Sanitation") -> 8 | D7: =C7/B7 -> 0.21052632 | E7: =COUNTIFS(Data!$C$2:$C$218,A7,Data!$D$2:$D$218,"Streetlight / Electrical") -> 5
A8: Zone 5 | B8: =COUNTIF(Data!$C$2:$C$218,A8) -> 31 | C8: =COUNTIFS(Data!$C$2:$C$218,A8,Data!$D$2:$D$218,"Garbage / Sanitation") -> 6 | D8: =C8/B8 -> 0.19354839 | E8: =COUNTIFS(Data!$C$2:$C$218,A8,Data!$D$2:$D$218,"Streetlight / Electrical") -> 5
A9: Zone 6 | B9: =COUNTIF(Data!$C$2:$C$218,A9) -> 37 | C9: =COUNTIFS(Data!$C$2:$C$218,A9,Data!$D$2:$D$218,"Garbage / Sanitation") -> 8 | D9: =C9/B9 -> 0.21621622 | E9: =COUNTIFS(Data!$C$2:$C$218,A9,Data!$D$2:$D$218,"Streetlight / Electrical") -> 9
A10: Total | B10: =SUM(B4:B9) -> 217 | C10: =SUM(C4:C9) -> 63 | D10: =C10/B10 -> 0.29032258 | E10: =SUM(E4:E9) -> 30
A12: Zone 3 share of ALL garbage requests: | D12: =C6/C10 -> 0.42857143
A14: Formulas: =COUNTIF(Data!C:C, zone) and =COUNTIFS(Data!C:C, zone, Data!D:D, "Garbage / Sanitation").

Sheet Q4 Resolution
A1: Q4. Which category takes the longest to resolve?
A3: Category | B3: Resolved requests | C3: Average days to resolve | D3: Longest (days)
A4: Road / Infrastructure | B4: =COUNTIFS(Data!$D$2:$D$218,A4,Data!$E$2:$E$218,"Resolved") -> 26 | C4: =AVERAGEIFS(Data!$G$2:$G$218,Data!$D$2:$D$218,A4,Data!$E$2:$E$218,"Resolved") -> 17.153846 | D4: =_xlfn.MAXIFS(Data!$G$2:$G$218,Data!$D$2:$D$218,A4,Data!$E$2:$E$218,"Resolved") -> 25
A5: Streetlight / Electrical | B5: =COUNTIFS(Data!$D$2:$D$218,A5,Data!$E$2:$E$218,"Resolved") -> 28 | C5: =AVERAGEIFS(Data!$G$2:$G$218,Data!$D$2:$D$218,A5,Data!$E$2:$E$218,"Resolved") -> 7.2142857 | D5: =_xlfn.MAXIFS(Data!$G$2:$G$218,Data!$D$2:$D$218,A5,Data!$E$2:$E$218,"Resolved") -> 12
A6: Others | B6: =COUNTIFS(Data!$D$2:$D$218,A6,Data!$E$2:$E$218,"Resolved") -> 6 | C6: =AVERAGEIFS(Data!$G$2:$G$218,Data!$D$2:$D$218,A6,Data!$E$2:$E$218,"Resolved") -> 5.5 | D6: =_xlfn.MAXIFS(Data!$G$2:$G$218,Data!$D$2:$D$218,A6,Data!$E$2:$E$218,"Resolved") -> 10
A7: Garbage / Sanitation | B7: =COUNTIFS(Data!$D$2:$D$218,A7,Data!$E$2:$E$218,"Resolved") -> 57 | C7: =AVERAGEIFS(Data!$G$2:$G$218,Data!$D$2:$D$218,A7,Data!$E$2:$E$218,"Resolved") -> 5.4736842 | D7: =_xlfn.MAXIFS(Data!$G$2:$G$218,Data!$D$2:$D$218,A7,Data!$E$2:$E$218,"Resolved") -> 9
A8: Water Supply | B8: =COUNTIFS(Data!$D$2:$D$218,A8,Data!$E$2:$E$218,"Resolved") -> 17 | C8: =AVERAGEIFS(Data!$G$2:$G$218,Data!$D$2:$D$218,A8,Data!$E$2:$E$218,"Resolved") -> 4.7058824 | D8: =_xlfn.MAXIFS(Data!$G$2:$G$218,Data!$D$2:$D$218,A8,Data!$E$2:$E$218,"Resolved") -> 8
A9: Health | B9: =COUNTIFS(Data!$D$2:$D$218,A9,Data!$E$2:$E$218,"Resolved") -> 13 | C9: =AVERAGEIFS(Data!$G$2:$G$218,Data!$D$2:$D$218,A9,Data!$E$2:$E$218,"Resolved") -> 3.3076923 | D9: =_xlfn.MAXIFS(Data!$G$2:$G$218,Data!$D$2:$D$218,A9,Data!$E$2:$E$218,"Resolved") -> 5
A10: Peace and Order | B10: =COUNTIFS(Data!$D$2:$D$218,A10,Data!$E$2:$E$218,"Resolved") -> 16 | C10: =AVERAGEIFS(Data!$G$2:$G$218,Data!$D$2:$D$218,A10,Data!$E$2:$E$218,"Resolved") -> 2.1875 | D10: =_xlfn.MAXIFS(Data!$G$2:$G$218,Data!$D$2:$D$218,A10,Data!$E$2:$E$218,"Resolved") -> 4
A11: Documents / Certificates | B11: =COUNTIFS(Data!$D$2:$D$218,A11,Data!$E$2:$E$218,"Resolved") -> 34 | C11: =AVERAGEIFS(Data!$G$2:$G$218,Data!$D$2:$D$218,A11,Data!$E$2:$E$218,"Resolved") -> 2 | D11: =_xlfn.MAXIFS(Data!$G$2:$G$218,Data!$D$2:$D$218,A11,Data!$E$2:$E$218,"Resolved") -> 3
A12: All categories | B12: =SUM(B4:B11) -> 197 | C12: =AVERAGEIFS(Data!$G$2:$G$218,Data!$E$2:$E$218,"Resolved") -> 6.1878173 | D12: =_xlfn.MAXIFS(Data!$G$2:$G$218,Data!$E$2:$E$218,"Resolved") -> 25
A14: Still open (Pending + In Progress): | C14: =COUNTIF(Data!$E$2:$E$218,"Pending")+COUNTIF(Data!$E$2:$E$218,"In Progress") -> 20
A16: Only Resolved requests are included. Formula: =AVERAGEIFS(Data!G:G, Data!D:D, category, Data!E:E, "Resolved").

Sheet Q5 Satisfaction
A1: Q5. Does faster resolution mean happier residents?
A3: Resolution time | B3: Min days | C3: Max days | D3: Resolved requests | E3: Average rating (1–5)
A4: 1–3 days | B4: 1 | C4: 3 | D4: =COUNTIFS(Data!$E$2:$E$218,"Resolved",Data!$G$2:$G$218,">="&B4,Data!$G$2:$G$218,"<="&C4) -> 78 | E4: =AVERAGEIFS(Data!$H$2:$H$218,Data!$E$2:$E$218,"Resolved",Data!$G$2:$G$218,">="&B4,Data!$G$2:$G$218,"<="&C4) -> 3.2051282
A5: 4–7 days | B5: 4 | C5: 7 | D5: =COUNTIFS(Data!$E$2:$E$218,"Resolved",Data!$G$2:$G$218,">="&B5,Data!$G$2:$G$218,"<="&C5) -> 62 | E5: =AVERAGEIFS(Data!$H$2:$H$218,Data!$E$2:$E$218,"Resolved",Data!$G$2:$G$218,">="&B5,Data!$G$2:$G$218,"<="&C5) -> 3.1612903
A6: 8–14 days | B6: 8 | C6: 14 | D6: =COUNTIFS(Data!$E$2:$E$218,"Resolved",Data!$G$2:$G$218,">="&B6,Data!$G$2:$G$218,"<="&C6) -> 41 | E6: =AVERAGEIFS(Data!$H$2:$H$218,Data!$E$2:$E$218,"Resolved",Data!$G$2:$G$218,">="&B6,Data!$G$2:$G$218,"<="&C6) -> 3.097561
A7: 15+ days | B7: 15 | C7: 999 | D7: =COUNTIFS(Data!$E$2:$E$218,"Resolved",Data!$G$2:$G$218,">="&B7,Data!$G$2:$G$218,"<="&C7) -> 16 | E7: =AVERAGEIFS(Data!$H$2:$H$218,Data!$E$2:$E$218,"Resolved",Data!$G$2:$G$218,">="&B7,Data!$G$2:$G$218,"<="&C7) -> 2.5
A8: All resolved | D8: =SUM(D4:D7) -> 197 | E8: =AVERAGEIFS(Data!$H$2:$H$218,Data!$E$2:$E$218,"Resolved") -> 3.1116751
A10: Drop in rating (15+ days vs 1–3 days): | E10: =E7-E4 -> -0.70512821
A12: Blue numbers are the day ranges you can change. Formula: =AVERAGEIFS(Data!H:H, Data!E:E, "Resolved", Data!G:G, ">="&min, Data!G:G, "<="&max).

Sheet Findings
A1: Key Findings and Recommendations
A3: Question | B3: What the data shows | C3: Recommendation
A4: 1. Most reported concern | B4: Garbage / Sanitation is the top concern with 63 of 217 requests (29%), almost twice the second-highest category, Documents / Certificates (35). | C4: Review the garbage collection schedule and add collection days where requests are highest.
A5: 2. Monthly trend | B5: Requests rose from 89 in the dry months (Apr–Jun) to 128 in the rainy months (Jul–Sep), a 44% increase. July was the busiest month (49). Rain-related requests (garbage, road, health) more than doubled, from 33 to 72 (+118%). Water Supply requests went the other way, mostly in April–May (dry season). | C5: Prepare before the rainy season: clear drainage and canals in June and plan extra road repair and dengue prevention activities.
A6: 3. Problem area | B6: Zone 3 has the most requests (53). About half of Zone 3's requests are about garbage (27 of 53), and Zone 3 alone accounts for 43% of all garbage requests. | C6: Prioritize Zone 3 for garbage collection, add trash bins, and post reminders about proper waste disposal.
A7: 4. Resolution speed | B7: The average resolution time is 6.2 days. Road / Infrastructure takes the longest at 17.2 days on average (up to 25 days), while Documents / Certificates take only 2.0 days. 20 requests are still open. | C7: Give residents an estimated completion time for road repairs and send status updates so they know the request is being handled.
A8: 5. Satisfaction | B8: Ratings stay around 3.1–3.2 when requests are resolved within 14 days, but drop to 2.5 when they take 15 days or more (a drop of 0.7). Speed matters most for long delays, not small differences of a few days. | C8: Set a target to resolve or update every request within 14 days, especially road and streetlight concerns.
A10: Note: Based on simulated sample data (217 requests, April–September 2026). Numbers come from the Q1–Q5 sheets.
A11: Limitation: Satisfaction ratings exist only for resolved requests; the 20 open requests are not rated yet.
